<AssocitionRules>
  <Rule Num="1">
    <LHS>I1</LHS>
    <RHS>I2</RHS>
    <Confidance>66.67</Confidance>
  </Rule>
  <Rule Num="2">
    <LHS>I2</LHS>
    <RHS>I1</RHS>
    <Confidance>57.14</Confidance>
  </Rule>
  <Rule Num="3">
    <LHS>I5</LHS>
    <RHS>I1</RHS>
    <Confidance>100</Confidance>
  </Rule>
  <Rule Num="4">
    <LHS>I5</LHS>
    <RHS>I2</RHS>
    <Confidance>100</Confidance>
  </Rule>
  <Rule Num="5">
    <LHS>I4</LHS>
    <RHS>I2</RHS>
    <Confidance>100</Confidance>
  </Rule>
  <Rule Num="6">
    <LHS>I2</LHS>
    <RHS>I3</RHS>
    <Confidance>57.14</Confidance>
  </Rule>
  <Rule Num="7">
    <LHS>I3</LHS>
    <RHS>I2</RHS>
    <Confidance>66.67</Confidance>
  </Rule>
  <Rule Num="8">
    <LHS>I1</LHS>
    <RHS>I3</RHS>
    <Confidance>66.67</Confidance>
  </Rule>
  <Rule Num="9">
    <LHS>I3</LHS>
    <RHS>I1</RHS>
    <Confidance>66.67</Confidance>
  </Rule>
  <Rule Num="10">
    <LHS>I5</LHS>
    <RHS>I1,I2</RHS>
    <Confidance>100</Confidance>
  </Rule>
  <Rule Num="11">
    <LHS>I1,I2</LHS>
    <RHS>I5</RHS>
    <Confidance>50</Confidance>
  </Rule>
  <Rule Num="12">
    <LHS>I1,I5</LHS>
    <RHS>I2</RHS>
    <Confidance>100</Confidance>
  </Rule>
  <Rule Num="13">
    <LHS>I2,I5</LHS>
    <RHS>I1</RHS>
    <Confidance>100</Confidance>
  </Rule>
  <Rule Num="14">
    <LHS>I1,I2</LHS>
    <RHS>I3</RHS>
    <Confidance>50</Confidance>
  </Rule>
  <Rule Num="15">
    <LHS>I1,I3</LHS>
    <RHS>I2</RHS>
    <Confidance>50</Confidance>
  </Rule>
  <Rule Num="16">
    <LHS>I2,I3</LHS>
    <RHS>I1</RHS>
    <Confidance>50</Confidance>
  </Rule>
</AssocitionRules>