<AssocitionRules>
  <Rule Num="1">
    <LHS>egg</LHS>
    <RHS>bread</RHS>
    <Confidance>75</Confidance>
  </Rule>
  <Rule Num="2">
    <LHS>cream</LHS>
    <RHS>butter</RHS>
    <Confidance>100</Confidance>
  </Rule>
  <Rule Num="3">
    <LHS>egg</LHS>
    <RHS>butter</RHS>
    <Confidance>50</Confidance>
  </Rule>
  <Rule Num="4">
    <LHS>cream</LHS>
    <RHS>date</RHS>
    <Confidance>100</Confidance>
  </Rule>
  <Rule Num="5">
    <LHS>cream</LHS>
    <RHS>egg</RHS>
    <Confidance>100</Confidance>
  </Rule>
  <Rule Num="6">
    <LHS>cheese</LHS>
    <RHS>bread</RHS>
    <Confidance>100</Confidance>
  </Rule>
  <Rule Num="7">
    <LHS>jam</LHS>
    <RHS>bread</RHS>
    <Confidance>100</Confidance>
  </Rule>
  <Rule Num="8">
    <LHS>cheese</LHS>
    <RHS>egg</RHS>
    <Confidance>100</Confidance>
  </Rule>
  <Rule Num="9">
    <LHS>cheese</LHS>
    <RHS>jam</RHS>
    <Confidance>100</Confidance>
  </Rule>
  <Rule Num="10">
    <LHS>jam</LHS>
    <RHS>cheese</RHS>
    <Confidance>100</Confidance>
  </Rule>
  <Rule Num="11">
    <LHS>jam</LHS>
    <RHS>egg</RHS>
    <Confidance>100</Confidance>
  </Rule>
  <Rule Num="12">
    <LHS>floor</LHS>
    <RHS>bread</RHS>
    <Confidance>100</Confidance>
  </Rule>
  <Rule Num="13">
    <LHS>floor</LHS>
    <RHS>butter</RHS>
    <Confidance>100</Confidance>
  </Rule>
  <Rule Num="14">
    <LHS>floor</LHS>
    <RHS>egg</RHS>
    <Confidance>100</Confidance>
  </Rule>
  <Rule Num="15">
    <LHS>cucummber</LHS>
    <RHS>bread</RHS>
    <Confidance>100</Confidance>
  </Rule>
  <Rule Num="16">
    <LHS>cucummber</LHS>
    <RHS>butter</RHS>
    <Confidance>100</Confidance>
  </Rule>
  <Rule Num="17">
    <LHS>cucummber</LHS>
    <RHS>tomatto</RHS>
    <Confidance>100</Confidance>
  </Rule>
  <Rule Num="18">
    <LHS>bread,milk</LHS>
    <RHS>egg</RHS>
    <Confidance>50</Confidance>
  </Rule>
  <Rule Num="19">
    <LHS>egg,milk</LHS>
    <RHS>bread</RHS>
    <Confidance>100</Confidance>
  </Rule>
  <Rule Num="20">
    <LHS>bread,tomatto</LHS>
    <RHS>egg</RHS>
    <Confidance>50</Confidance>
  </Rule>
  <Rule Num="21">
    <LHS>egg,tomatto</LHS>
    <RHS>bread</RHS>
    <Confidance>100</Confidance>
  </Rule>
  <Rule Num="22">
    <LHS>bread,milk</LHS>
    <RHS>tomatto</RHS>
    <Confidance>50</Confidance>
  </Rule>
  <Rule Num="23">
    <LHS>bread,tomatto</LHS>
    <RHS>milk</RHS>
    <Confidance>50</Confidance>
  </Rule>
  <Rule Num="24">
    <LHS>milk,tomatto</LHS>
    <RHS>bread</RHS>
    <Confidance>100</Confidance>
  </Rule>
  <Rule Num="25">
    <LHS>egg,milk</LHS>
    <RHS>tomatto</RHS>
    <Confidance>100</Confidance>
  </Rule>
  <Rule Num="26">
    <LHS>egg,tomatto</LHS>
    <RHS>milk</RHS>
    <Confidance>100</Confidance>
  </Rule>
  <Rule Num="27">
    <LHS>milk,tomatto</LHS>
    <RHS>egg</RHS>
    <Confidance>100</Confidance>
  </Rule>
  <Rule Num="28">
    <LHS>cream</LHS>
    <RHS>butter,date</RHS>
    <Confidance>100</Confidance>
  </Rule>
  <Rule Num="29">
    <LHS>butter,cream</LHS>
    <RHS>date</RHS>
    <Confidance>100</Confidance>
  </Rule>
  <Rule Num="30">
    <LHS>butter,date</LHS>
    <RHS>cream</RHS>
    <Confidance>100</Confidance>
  </Rule>
  <Rule Num="31">
    <LHS>cream,date</LHS>
    <RHS>butter</RHS>
    <Confidance>100</Confidance>
  </Rule>
  <Rule Num="32">
    <LHS>cream</LHS>
    <RHS>butter,egg</RHS>
    <Confidance>100</Confidance>
  </Rule>
  <Rule Num="33">
    <LHS>butter,cream</LHS>
    <RHS>egg</RHS>
    <Confidance>100</Confidance>
  </Rule>
  <Rule Num="34">
    <LHS>butter,egg</LHS>
    <RHS>cream</RHS>
    <Confidance>50</Confidance>
  </Rule>
  <Rule Num="35">
    <LHS>cream,egg</LHS>
    <RHS>butter</RHS>
    <Confidance>100</Confidance>
  </Rule>
  <Rule Num="36">
    <LHS>butter,date</LHS>
    <RHS>egg</RHS>
    <Confidance>100</Confidance>
  </Rule>
  <Rule Num="37">
    <LHS>butter,egg</LHS>
    <RHS>date</RHS>
    <Confidance>50</Confidance>
  </Rule>
  <Rule Num="38">
    <LHS>date,egg</LHS>
    <RHS>butter</RHS>
    <Confidance>100</Confidance>
  </Rule>
  <Rule Num="39">
    <LHS>cream</LHS>
    <RHS>date,egg</RHS>
    <Confidance>100</Confidance>
  </Rule>
  <Rule Num="40">
    <LHS>cream,date</LHS>
    <RHS>egg</RHS>
    <Confidance>100</Confidance>
  </Rule>
  <Rule Num="41">
    <LHS>cream,egg</LHS>
    <RHS>date</RHS>
    <Confidance>100</Confidance>
  </Rule>
  <Rule Num="42">
    <LHS>date,egg</LHS>
    <RHS>cream</RHS>
    <Confidance>100</Confidance>
  </Rule>
  <Rule Num="43">
    <LHS>jam</LHS>
    <RHS>bread,egg</RHS>
    <Confidance>100</Confidance>
  </Rule>
  <Rule Num="44">
    <LHS>bread,jam</LHS>
    <RHS>egg</RHS>
    <Confidance>100</Confidance>
  </Rule>
  <Rule Num="45">
    <LHS>egg,jam</LHS>
    <RHS>bread</RHS>
    <Confidance>100</Confidance>
  </Rule>
  <Rule Num="46">
    <LHS>cheese</LHS>
    <RHS>bread,egg</RHS>
    <Confidance>100</Confidance>
  </Rule>
  <Rule Num="47">
    <LHS>bread,cheese</LHS>
    <RHS>egg</RHS>
    <Confidance>100</Confidance>
  </Rule>
  <Rule Num="48">
    <LHS>cheese,egg</LHS>
    <RHS>bread</RHS>
    <Confidance>100</Confidance>
  </Rule>
  <Rule Num="49">
    <LHS>cheese</LHS>
    <RHS>bread,jam</RHS>
    <Confidance>100</Confidance>
  </Rule>
  <Rule Num="50">
    <LHS>jam</LHS>
    <RHS>bread,cheese</RHS>
    <Confidance>100</Confidance>
  </Rule>
  <Rule Num="51">
    <LHS>bread,cheese</LHS>
    <RHS>jam</RHS>
    <Confidance>100</Confidance>
  </Rule>
  <Rule Num="52">
    <LHS>bread,jam</LHS>
    <RHS>cheese</RHS>
    <Confidance>100</Confidance>
  </Rule>
  <Rule Num="53">
    <LHS>cheese,jam</LHS>
    <RHS>bread</RHS>
    <Confidance>100</Confidance>
  </Rule>
  <Rule Num="54">
    <LHS>cheese</LHS>
    <RHS>egg,jam</RHS>
    <Confidance>100</Confidance>
  </Rule>
  <Rule Num="55">
    <LHS>jam</LHS>
    <RHS>cheese,egg</RHS>
    <Confidance>100</Confidance>
  </Rule>
  <Rule Num="56">
    <LHS>cheese,egg</LHS>
    <RHS>jam</RHS>
    <Confidance>100</Confidance>
  </Rule>
  <Rule Num="57">
    <LHS>cheese,jam</LHS>
    <RHS>egg</RHS>
    <Confidance>100</Confidance>
  </Rule>
  <Rule Num="58">
    <LHS>egg,jam</LHS>
    <RHS>cheese</RHS>
    <Confidance>100</Confidance>
  </Rule>
  <Rule Num="59">
    <LHS>floor</LHS>
    <RHS>bread,egg</RHS>
    <Confidance>100</Confidance>
  </Rule>
  <Rule Num="60">
    <LHS>bread,floor</LHS>
    <RHS>egg</RHS>
    <Confidance>100</Confidance>
  </Rule>
  <Rule Num="61">
    <LHS>egg,floor</LHS>
    <RHS>bread</RHS>
    <Confidance>100</Confidance>
  </Rule>
  <Rule Num="62">
    <LHS>floor</LHS>
    <RHS>butter,egg</RHS>
    <Confidance>100</Confidance>
  </Rule>
  <Rule Num="63">
    <LHS>butter,egg</LHS>
    <RHS>floor</RHS>
    <Confidance>50</Confidance>
  </Rule>
  <Rule Num="64">
    <LHS>butter,floor</LHS>
    <RHS>egg</RHS>
    <Confidance>100</Confidance>
  </Rule>
  <Rule Num="65">
    <LHS>egg,floor</LHS>
    <RHS>butter</RHS>
    <Confidance>100</Confidance>
  </Rule>
  <Rule Num="66">
    <LHS>butter,egg</LHS>
    <RHS>bread</RHS>
    <Confidance>50</Confidance>
  </Rule>
  <Rule Num="67">
    <LHS>floor</LHS>
    <RHS>bread,butter</RHS>
    <Confidance>100</Confidance>
  </Rule>
  <Rule Num="68">
    <LHS>bread,floor</LHS>
    <RHS>butter</RHS>
    <Confidance>100</Confidance>
  </Rule>
  <Rule Num="69">
    <LHS>butter,floor</LHS>
    <RHS>bread</RHS>
    <Confidance>100</Confidance>
  </Rule>
  <Rule Num="70">
    <LHS>bread,milk</LHS>
    <RHS>suger</RHS>
    <Confidance>50</Confidance>
  </Rule>
  <Rule Num="71">
    <LHS>bread,suger</LHS>
    <RHS>milk</RHS>
    <Confidance>100</Confidance>
  </Rule>
  <Rule Num="72">
    <LHS>milk,suger</LHS>
    <RHS>bread</RHS>
    <Confidance>100</Confidance>
  </Rule>
  <Rule Num="73">
    <LHS>bread,milk</LHS>
    <RHS>butter</RHS>
    <Confidance>50</Confidance>
  </Rule>
  <Rule Num="74">
    <LHS>butter,milk</LHS>
    <RHS>bread</RHS>
    <Confidance>100</Confidance>
  </Rule>
  <Rule Num="75">
    <LHS>bread,suger</LHS>
    <RHS>butter</RHS>
    <Confidance>100</Confidance>
  </Rule>
  <Rule Num="76">
    <LHS>butter,suger</LHS>
    <RHS>bread</RHS>
    <Confidance>100</Confidance>
  </Rule>
  <Rule Num="77">
    <LHS>butter,milk</LHS>
    <RHS>suger</RHS>
    <Confidance>100</Confidance>
  </Rule>
  <Rule Num="78">
    <LHS>butter,suger</LHS>
    <RHS>milk</RHS>
    <Confidance>100</Confidance>
  </Rule>
  <Rule Num="79">
    <LHS>milk,suger</LHS>
    <RHS>butter</RHS>
    <Confidance>100</Confidance>
  </Rule>
  <Rule Num="80">
    <LHS>bread,tomatto</LHS>
    <RHS>butter</RHS>
    <Confidance>50</Confidance>
  </Rule>
  <Rule Num="81">
    <LHS>butter,tomatto</LHS>
    <RHS>bread</RHS>
    <Confidance>100</Confidance>
  </Rule>
  <Rule Num="82">
    <LHS>cucummber</LHS>
    <RHS>bread,butter</RHS>
    <Confidance>100</Confidance>
  </Rule>
  <Rule Num="83">
    <LHS>bread,cucummber</LHS>
    <RHS>butter</RHS>
    <Confidance>100</Confidance>
  </Rule>
  <Rule Num="84">
    <LHS>butter,cucummber</LHS>
    <RHS>bread</RHS>
    <Confidance>100</Confidance>
  </Rule>
  <Rule Num="85">
    <LHS>cucummber</LHS>
    <RHS>bread,tomatto</RHS>
    <Confidance>100</Confidance>
  </Rule>
  <Rule Num="86">
    <LHS>bread,cucummber</LHS>
    <RHS>tomatto</RHS>
    <Confidance>100</Confidance>
  </Rule>
  <Rule Num="87">
    <LHS>bread,tomatto</LHS>
    <RHS>cucummber</RHS>
    <Confidance>50</Confidance>
  </Rule>
  <Rule Num="88">
    <LHS>cucummber,tomatto</LHS>
    <RHS>bread</RHS>
    <Confidance>100</Confidance>
  </Rule>
  <Rule Num="89">
    <LHS>cucummber</LHS>
    <RHS>butter,tomatto</RHS>
    <Confidance>100</Confidance>
  </Rule>
  <Rule Num="90">
    <LHS>butter,cucummber</LHS>
    <RHS>tomatto</RHS>
    <Confidance>100</Confidance>
  </Rule>
  <Rule Num="91">
    <LHS>butter,tomatto</LHS>
    <RHS>cucummber</RHS>
    <Confidance>100</Confidance>
  </Rule>
  <Rule Num="92">
    <LHS>cucummber,tomatto</LHS>
    <RHS>butter</RHS>
    <Confidance>100</Confidance>
  </Rule>
  <Rule Num="93">
    <LHS>bread,milk</LHS>
    <RHS>egg,tomatto</RHS>
    <Confidance>50</Confidance>
  </Rule>
  <Rule Num="94">
    <LHS>bread,tomatto</LHS>
    <RHS>egg,milk</RHS>
    <Confidance>50</Confidance>
  </Rule>
  <Rule Num="95">
    <LHS>egg,milk</LHS>
    <RHS>bread,tomatto</RHS>
    <Confidance>100</Confidance>
  </Rule>
  <Rule Num="96">
    <LHS>egg,tomatto</LHS>
    <RHS>bread,milk</RHS>
    <Confidance>100</Confidance>
  </Rule>
  <Rule Num="97">
    <LHS>milk,tomatto</LHS>
    <RHS>bread,egg</RHS>
    <Confidance>100</Confidance>
  </Rule>
  <Rule Num="98">
    <LHS>bread,egg,milk</LHS>
    <RHS>tomatto</RHS>
    <Confidance>100</Confidance>
  </Rule>
  <Rule Num="99">
    <LHS>bread,egg,tomatto</LHS>
    <RHS>milk</RHS>
    <Confidance>100</Confidance>
  </Rule>
  <Rule Num="100">
    <LHS>bread,milk,tomatto</LHS>
    <RHS>egg</RHS>
    <Confidance>100</Confidance>
  </Rule>
  <Rule Num="101">
    <LHS>egg,milk,tomatto</LHS>
    <RHS>bread</RHS>
    <Confidance>100</Confidance>
  </Rule>
  <Rule Num="102">
    <LHS>cream</LHS>
    <RHS>butter,date,egg</RHS>
    <Confidance>100</Confidance>
  </Rule>
  <Rule Num="103">
    <LHS>butter,cream</LHS>
    <RHS>date,egg</RHS>
    <Confidance>100</Confidance>
  </Rule>
  <Rule Num="104">
    <LHS>butter,date</LHS>
    <RHS>cream,egg</RHS>
    <Confidance>100</Confidance>
  </Rule>
  <Rule Num="105">
    <LHS>butter,egg</LHS>
    <RHS>cream,date</RHS>
    <Confidance>50</Confidance>
  </Rule>
  <Rule Num="106">
    <LHS>cream,date</LHS>
    <RHS>butter,egg</RHS>
    <Confidance>100</Confidance>
  </Rule>
  <Rule Num="107">
    <LHS>cream,egg</LHS>
    <RHS>butter,date</RHS>
    <Confidance>100</Confidance>
  </Rule>
  <Rule Num="108">
    <LHS>date,egg</LHS>
    <RHS>butter,cream</RHS>
    <Confidance>100</Confidance>
  </Rule>
  <Rule Num="109">
    <LHS>butter,cream,date</LHS>
    <RHS>egg</RHS>
    <Confidance>100</Confidance>
  </Rule>
  <Rule Num="110">
    <LHS>butter,cream,egg</LHS>
    <RHS>date</RHS>
    <Confidance>100</Confidance>
  </Rule>
  <Rule Num="111">
    <LHS>butter,date,egg</LHS>
    <RHS>cream</RHS>
    <Confidance>100</Confidance>
  </Rule>
  <Rule Num="112">
    <LHS>cream,date,egg</LHS>
    <RHS>butter</RHS>
    <Confidance>100</Confidance>
  </Rule>
  <Rule Num="113">
    <LHS>cheese</LHS>
    <RHS>bread,egg,jam</RHS>
    <Confidance>100</Confidance>
  </Rule>
  <Rule Num="114">
    <LHS>jam</LHS>
    <RHS>bread,cheese,egg</RHS>
    <Confidance>100</Confidance>
  </Rule>
  <Rule Num="115">
    <LHS>bread,cheese</LHS>
    <RHS>egg,jam</RHS>
    <Confidance>100</Confidance>
  </Rule>
  <Rule Num="116">
    <LHS>bread,jam</LHS>
    <RHS>cheese,egg</RHS>
    <Confidance>100</Confidance>
  </Rule>
  <Rule Num="117">
    <LHS>cheese,egg</LHS>
    <RHS>bread,jam</RHS>
    <Confidance>100</Confidance>
  </Rule>
  <Rule Num="118">
    <LHS>cheese,jam</LHS>
    <RHS>bread,egg</RHS>
    <Confidance>100</Confidance>
  </Rule>
  <Rule Num="119">
    <LHS>egg,jam</LHS>
    <RHS>bread,cheese</RHS>
    <Confidance>100</Confidance>
  </Rule>
  <Rule Num="120">
    <LHS>bread,cheese,egg</LHS>
    <RHS>jam</RHS>
    <Confidance>100</Confidance>
  </Rule>
  <Rule Num="121">
    <LHS>bread,cheese,jam</LHS>
    <RHS>egg</RHS>
    <Confidance>100</Confidance>
  </Rule>
  <Rule Num="122">
    <LHS>bread,egg,jam</LHS>
    <RHS>cheese</RHS>
    <Confidance>100</Confidance>
  </Rule>
  <Rule Num="123">
    <LHS>cheese,egg,jam</LHS>
    <RHS>bread</RHS>
    <Confidance>100</Confidance>
  </Rule>
  <Rule Num="124">
    <LHS>floor</LHS>
    <RHS>bread,butter,egg</RHS>
    <Confidance>100</Confidance>
  </Rule>
  <Rule Num="125">
    <LHS>bread,floor</LHS>
    <RHS>butter,egg</RHS>
    <Confidance>100</Confidance>
  </Rule>
  <Rule Num="126">
    <LHS>butter,egg</LHS>
    <RHS>bread,floor</RHS>
    <Confidance>50</Confidance>
  </Rule>
  <Rule Num="127">
    <LHS>butter,floor</LHS>
    <RHS>bread,egg</RHS>
    <Confidance>100</Confidance>
  </Rule>
  <Rule Num="128">
    <LHS>egg,floor</LHS>
    <RHS>bread,butter</RHS>
    <Confidance>100</Confidance>
  </Rule>
  <Rule Num="129">
    <LHS>bread,butter,egg</LHS>
    <RHS>floor</RHS>
    <Confidance>100</Confidance>
  </Rule>
  <Rule Num="130">
    <LHS>bread,butter,floor</LHS>
    <RHS>egg</RHS>
    <Confidance>100</Confidance>
  </Rule>
  <Rule Num="131">
    <LHS>bread,egg,floor</LHS>
    <RHS>butter</RHS>
    <Confidance>100</Confidance>
  </Rule>
  <Rule Num="132">
    <LHS>butter,egg,floor</LHS>
    <RHS>bread</RHS>
    <Confidance>100</Confidance>
  </Rule>
  <Rule Num="133">
    <LHS>bread,milk</LHS>
    <RHS>butter,suger</RHS>
    <Confidance>50</Confidance>
  </Rule>
  <Rule Num="134">
    <LHS>bread,suger</LHS>
    <RHS>butter,milk</RHS>
    <Confidance>100</Confidance>
  </Rule>
  <Rule Num="135">
    <LHS>butter,milk</LHS>
    <RHS>bread,suger</RHS>
    <Confidance>100</Confidance>
  </Rule>
  <Rule Num="136">
    <LHS>butter,suger</LHS>
    <RHS>bread,milk</RHS>
    <Confidance>100</Confidance>
  </Rule>
  <Rule Num="137">
    <LHS>milk,suger</LHS>
    <RHS>bread,butter</RHS>
    <Confidance>100</Confidance>
  </Rule>
  <Rule Num="138">
    <LHS>bread,butter,milk</LHS>
    <RHS>suger</RHS>
    <Confidance>100</Confidance>
  </Rule>
  <Rule Num="139">
    <LHS>bread,butter,suger</LHS>
    <RHS>milk</RHS>
    <Confidance>100</Confidance>
  </Rule>
  <Rule Num="140">
    <LHS>bread,milk,suger</LHS>
    <RHS>butter</RHS>
    <Confidance>100</Confidance>
  </Rule>
  <Rule Num="141">
    <LHS>butter,milk,suger</LHS>
    <RHS>bread</RHS>
    <Confidance>100</Confidance>
  </Rule>
  <Rule Num="142">
    <LHS>cucummber</LHS>
    <RHS>bread,butter,tomatto</RHS>
    <Confidance>100</Confidance>
  </Rule>
  <Rule Num="143">
    <LHS>bread,cucummber</LHS>
    <RHS>butter,tomatto</RHS>
    <Confidance>100</Confidance>
  </Rule>
  <Rule Num="144">
    <LHS>bread,tomatto</LHS>
    <RHS>butter,cucummber</RHS>
    <Confidance>50</Confidance>
  </Rule>
  <Rule Num="145">
    <LHS>butter,cucummber</LHS>
    <RHS>bread,tomatto</RHS>
    <Confidance>100</Confidance>
  </Rule>
  <Rule Num="146">
    <LHS>butter,tomatto</LHS>
    <RHS>bread,cucummber</RHS>
    <Confidance>100</Confidance>
  </Rule>
  <Rule Num="147">
    <LHS>cucummber,tomatto</LHS>
    <RHS>bread,butter</RHS>
    <Confidance>100</Confidance>
  </Rule>
  <Rule Num="148">
    <LHS>bread,butter,cucummber</LHS>
    <RHS>tomatto</RHS>
    <Confidance>100</Confidance>
  </Rule>
  <Rule Num="149">
    <LHS>bread,butter,tomatto</LHS>
    <RHS>cucummber</RHS>
    <Confidance>100</Confidance>
  </Rule>
  <Rule Num="150">
    <LHS>bread,cucummber,tomatto</LHS>
    <RHS>butter</RHS>
    <Confidance>100</Confidance>
  </Rule>
  <Rule Num="151">
    <LHS>butter,cucummber,tomatto</LHS>
    <RHS>bread</RHS>
    <Confidance>100</Confidance>
  </Rule>
</AssocitionRules>