<?xml version="1.0" encoding="UTF-8"?><?xml-stylesheet type='text/xsl' href='_UpgradeReport_Files/UpgradeReport.xslt'?><UpgradeLog>
<Properties><Property Name="Solution" Value="DataMiningProject">
</Property><Property Name="Solution File" Value="C:\Users\ahmed\Desktop\DataMiningProject\DataMiningProject\DataMiningProject.sln">
</Property><Property Name="User Options File" Value="C:\Users\ahmed\Desktop\DataMiningProject\DataMiningProject\DataMiningProject.suo">
</Property><Property Name="Date" Value="Tuesday, December 06, 2011">
</Property><Property Name="Time" Value="1:18 AM">
</Property></Properties><Event ErrorLevel="0" Project="" Source="DataMiningProject.sln" Description="File successfully backed up as C:\Users\ahmed\Desktop\DataMiningProject\DataMiningProject\Backup\DataMiningProject.sln">
</Event><Event ErrorLevel="0" Project="" Source="DataMiningProject.suo" Description="File successfully backed up as C:\Users\ahmed\Desktop\DataMiningProject\DataMiningProject\Backup\DataMiningProject.suo">
</Event><Event ErrorLevel="0" Project="DataMiningProject" Source="DataMiningProject\DataMiningProject.csproj" Description="Project file successfully backed up as C:\Users\ahmed\Desktop\DataMiningProject\DataMiningProject\Backup\DataMiningProject\DataMiningProject.csproj">
</Event><Event ErrorLevel="0" Project="DataMiningProject" Source="DataMiningProject\DataMiningProject.csproj.user" Description="Project user file successfully backed up as C:\Users\ahmed\Desktop\DataMiningProject\DataMiningProject\Backup\DataMiningProject\DataMiningProject.csproj.user">
</Event><Event ErrorLevel="0" Project="DataMiningProject" Source="DataMiningProject\AccessControl.cs" Description="File successfully backed up as C:\Users\ahmed\Desktop\DataMiningProject\DataMiningProject\Backup\DataMiningProject\AccessControl.cs">
</Event><Event ErrorLevel="0" Project="DataMiningProject" Source="DataMiningProject\AccessControl.Designer.cs" Description="File successfully backed up as C:\Users\ahmed\Desktop\DataMiningProject\DataMiningProject\Backup\DataMiningProject\AccessControl.Designer.cs">
</Event><Event ErrorLevel="0" Project="DataMiningProject" Source="DataMiningProject\AppForm.cs" Description="File successfully backed up as C:\Users\ahmed\Desktop\DataMiningProject\DataMiningProject\Backup\DataMiningProject\AppForm.cs">
</Event><Event ErrorLevel="0" Project="DataMiningProject" Source="DataMiningProject\AppForm.Designer.cs" Description="File successfully backed up as C:\Users\ahmed\Desktop\DataMiningProject\DataMiningProject\Backup\DataMiningProject\AppForm.Designer.cs">
</Event><Event ErrorLevel="0" Project="DataMiningProject" Source="DataMiningProject\Apriori.cs" Description="File successfully backed up as C:\Users\ahmed\Desktop\DataMiningProject\DataMiningProject\Backup\DataMiningProject\Apriori.cs">
</Event><Event ErrorLevel="0" Project="DataMiningProject" Source="DataMiningProject\AssocRule.cs" Description="File successfully backed up as C:\Users\ahmed\Desktop\DataMiningProject\DataMiningProject\Backup\DataMiningProject\AssocRule.cs">
</Event><Event ErrorLevel="0" Project="DataMiningProject" Source="DataMiningProject\Data.cs" Description="File successfully backed up as C:\Users\ahmed\Desktop\DataMiningProject\DataMiningProject\Backup\DataMiningProject\Data.cs">
</Event><Event ErrorLevel="0" Project="DataMiningProject" Source="DataMiningProject\DataConnectionForm.cs" Description="File successfully backed up as C:\Users\ahmed\Desktop\DataMiningProject\DataMiningProject\Backup\DataMiningProject\DataConnectionForm.cs">
</Event><Event ErrorLevel="0" Project="DataMiningProject" Source="DataMiningProject\DataConnectionForm.Designer.cs" Description="File successfully backed up as C:\Users\ahmed\Desktop\DataMiningProject\DataMiningProject\Backup\DataMiningProject\DataConnectionForm.Designer.cs">
</Event><Event ErrorLevel="0" Project="DataMiningProject" Source="DataMiningProject\FreqItemSetsList.cs" Description="File successfully backed up as C:\Users\ahmed\Desktop\DataMiningProject\DataMiningProject\Backup\DataMiningProject\FreqItemSetsList.cs">
</Event><Event ErrorLevel="0" Project="DataMiningProject" Source="DataMiningProject\ItemSet.cs" Description="File successfully backed up as C:\Users\ahmed\Desktop\DataMiningProject\DataMiningProject\Backup\DataMiningProject\ItemSet.cs">
</Event><Event ErrorLevel="0" Project="DataMiningProject" Source="DataMiningProject\Program.cs" Description="File successfully backed up as C:\Users\ahmed\Desktop\DataMiningProject\DataMiningProject\Backup\DataMiningProject\Program.cs">
</Event><Event ErrorLevel="0" Project="DataMiningProject" Source="DataMiningProject\Properties\AssemblyInfo.cs" Description="File successfully backed up as C:\Users\ahmed\Desktop\DataMiningProject\DataMiningProject\Backup\DataMiningProject\Properties\AssemblyInfo.cs">
</Event><Event ErrorLevel="0" Project="DataMiningProject" Source="DataMiningProject\Properties\Resources.Designer.cs" Description="File successfully backed up as C:\Users\ahmed\Desktop\DataMiningProject\DataMiningProject\Backup\DataMiningProject\Properties\Resources.Designer.cs">
</Event><Event ErrorLevel="0" Project="DataMiningProject" Source="DataMiningProject\Properties\Settings.Designer.cs" Description="File successfully backed up as C:\Users\ahmed\Desktop\DataMiningProject\DataMiningProject\Backup\DataMiningProject\Properties\Settings.Designer.cs">
</Event><Event ErrorLevel="0" Project="DataMiningProject" Source="DataMiningProject\Properties\Settings.settings" Description="File successfully backed up as C:\Users\ahmed\Desktop\DataMiningProject\DataMiningProject\Backup\DataMiningProject\Properties\Settings.settings">
</Event><Event ErrorLevel="0" Project="DataMiningProject" Source="DataMiningProject\TextFile1.txt" Description="File successfully backed up as C:\Users\ahmed\Desktop\DataMiningProject\DataMiningProject\Backup\DataMiningProject\TextFile1.txt">
</Event><Event ErrorLevel="0" Project="DataMiningProject" Source="DataMiningProject\AccessControl.resx" Description="File successfully backed up as C:\Users\ahmed\Desktop\DataMiningProject\DataMiningProject\Backup\DataMiningProject\AccessControl.resx">
</Event><Event ErrorLevel="0" Project="DataMiningProject" Source="DataMiningProject\AppForm.resx" Description="File successfully backed up as C:\Users\ahmed\Desktop\DataMiningProject\DataMiningProject\Backup\DataMiningProject\AppForm.resx">
</Event><Event ErrorLevel="0" Project="DataMiningProject" Source="DataMiningProject\DataConnectionForm.resx" Description="File successfully backed up as C:\Users\ahmed\Desktop\DataMiningProject\DataMiningProject\Backup\DataMiningProject\DataConnectionForm.resx">
</Event><Event ErrorLevel="0" Project="DataMiningProject" Source="DataMiningProject\Properties\Resources.resx" Description="File successfully backed up as C:\Users\ahmed\Desktop\DataMiningProject\DataMiningProject\Backup\DataMiningProject\Properties\Resources.resx">
</Event><Event ErrorLevel="1" Project="DataMiningProject" Source="DataMiningProject\DataMiningProject.csproj" Description="Your project is targeting .NET Framework 2.0 or 3.0. If your project uses assemblies requiring a newer .NET Framework, your project will fail to build. You can change the .NET Framework version by clicking Properties on the project menu and then selecting a new version in the '.NET Framework' dropdown box. (In Visual Basic, this is located on the Compile tab by clicking the 'Advanced Compiler Options...' button.)">
</Event><Event ErrorLevel="0" Project="DataMiningProject" Source="DataMiningProject\DataMiningProject.csproj" Description="Project converted successfully">
</Event><Event ErrorLevel="3" Project="DataMiningProject" Source="DataMiningProject\DataMiningProject.csproj" Description="Converted">
</Event><Event ErrorLevel="0" Project="DatamingProjectConsole" Source="ConsoleApplication2\DatamingProjectConsole.csproj" Description="Project file successfully backed up as C:\Users\ahmed\Desktop\DataMiningProject\DataMiningProject\Backup\ConsoleApplication2\DatamingProjectConsole.csproj">
</Event><Event ErrorLevel="0" Project="DatamingProjectConsole" Source="ConsoleApplication2\Apriori.cs" Description="File successfully backed up as C:\Users\ahmed\Desktop\DataMiningProject\DataMiningProject\Backup\ConsoleApplication2\Apriori.cs">
</Event><Event ErrorLevel="0" Project="DatamingProjectConsole" Source="ConsoleApplication2\AssocRule.cs" Description="File successfully backed up as C:\Users\ahmed\Desktop\DataMiningProject\DataMiningProject\Backup\ConsoleApplication2\AssocRule.cs">
</Event><Event ErrorLevel="0" Project="DatamingProjectConsole" Source="ConsoleApplication2\Data.cs" Description="File successfully backed up as C:\Users\ahmed\Desktop\DataMiningProject\DataMiningProject\Backup\ConsoleApplication2\Data.cs">
</Event><Event ErrorLevel="0" Project="DatamingProjectConsole" Source="ConsoleApplication2\FreqItemSetsList.cs" Description="File successfully backed up as C:\Users\ahmed\Desktop\DataMiningProject\DataMiningProject\Backup\ConsoleApplication2\FreqItemSetsList.cs">
</Event><Event ErrorLevel="0" Project="DatamingProjectConsole" Source="ConsoleApplication2\ItemSet.cs" Description="File successfully backed up as C:\Users\ahmed\Desktop\DataMiningProject\DataMiningProject\Backup\ConsoleApplication2\ItemSet.cs">
</Event><Event ErrorLevel="0" Project="DatamingProjectConsole" Source="ConsoleApplication2\Program.cs" Description="File successfully backed up as C:\Users\ahmed\Desktop\DataMiningProject\DataMiningProject\Backup\ConsoleApplication2\Program.cs">
</Event><Event ErrorLevel="0" Project="DatamingProjectConsole" Source="ConsoleApplication2\Properties\AssemblyInfo.cs" Description="File successfully backed up as C:\Users\ahmed\Desktop\DataMiningProject\DataMiningProject\Backup\ConsoleApplication2\Properties\AssemblyInfo.cs">
</Event><Event ErrorLevel="1" Project="DatamingProjectConsole" Source="ConsoleApplication2\DatamingProjectConsole.csproj" Description="Your project is targeting .NET Framework 2.0 or 3.0. If your project uses assemblies requiring a newer .NET Framework, your project will fail to build. You can change the .NET Framework version by clicking Properties on the project menu and then selecting a new version in the '.NET Framework' dropdown box. (In Visual Basic, this is located on the Compile tab by clicking the 'Advanced Compiler Options...' button.)">
</Event><Event ErrorLevel="0" Project="DatamingProjectConsole" Source="ConsoleApplication2\DatamingProjectConsole.csproj" Description="Project converted successfully">
</Event><Event ErrorLevel="3" Project="DatamingProjectConsole" Source="ConsoleApplication2\DatamingProjectConsole.csproj" Description="Converted">
</Event><Event ErrorLevel="0" Project="" Source="DataMiningProject.sln" Description="Solution converted successfully">
</Event><Event ErrorLevel="3" Project="" Source="DataMiningProject.sln" Description="Converted">
</Event><Event ErrorLevel="0" Project="DataMiningProject" Source="DataMiningProject\DataMiningProject.csproj" Description="Scan complete: Upgrade not required for project files.">
</Event><Event ErrorLevel="0" Project="DatamingProjectConsole" Source="ConsoleApplication2\DatamingProjectConsole.csproj" Description="Scan complete: Upgrade not required for project files.">
</Event></UpgradeLog>